카테고리,슬러그,채널명,핸들,URL,유형,운영구분,설명,확인일자
개발 · 기술 · AI,tech-ai,AI MASTERS,@ai_masters_community,https://t.me/ai_masters_community,채널,커뮤니티,AI 큐레이션과 창작자 커뮤니티 소식,2026-08-21
개발 · 기술 · AI,tech-ai,GeekNews,@GeekNewsHada,https://t.me/GeekNewsHada,채널,공식,개발·기술·제품·오픈소스·스타트업 주요 소식,2026-08-21
개발 · 기술 · AI,tech-ai,안테나(안석현의 테크 나들이),@ahnttena,https://t.me/ahnttena,채널,커뮤니티,"KIPOST 안석현 팀장입니다. 반도체, 디스플레이, 2차전지 관련 기사 피드와 깊이 있는 분석을 제공합니다.",2026-08-21
뉴스 · 지식 · 교육,news-knowledge,리포트 공감능력📂,@attuner,https://t.me/attuner,채널,커뮤니티,내가 반말 좀 칠게 꼬우면 나가쟈 ⭐️손실 책임 없다. 반말까는데 내 말들 사람 있냐.,2026-08-21
뉴스 · 지식 · 교육,news-knowledge,비큐BQ 김프알람방,@bq_kimp,https://t.me/bq_kimp,채널,커뮤니티,🐥유튜브: bit.ly/bqyoutube180 ✏️공지방: https://t.me/BQYoutube1 🚨김프 알람방: https://t.me/bq_kimp 💁‍♂️소통방: https://t.me/BQtalk 👀뉴스방: https://t.me/bq_n…,2026-08-21
뉴스 · 지식 · 교육,news-knowledge,비큐BQ 뉴스방,@bq_news,https://t.me/bq_news,채널,커뮤니티,개인 디엠은-> @BQrypto Homepage:bqyoutube.com 🐥유튜브: https://bit.ly/bqcrypto ✏️공지방: https://t.me/BQTelegram 🚨김프 알람방: https://t.me/bq_kimp 💁‍♂️소통방…,2026-08-21
뉴스 · 지식 · 교육,news-knowledge,비큐BQ 소통방,@BQKoreachat,https://t.me/BQKoreachat,채널,커뮤니티,방장: @BQrypto Homepage: https://bqyoutube.com 🐥유튜브: https://bit.ly/bqcrypto ✏️공지방: https://t.me/BQTelegram 🚨김프 알람방: https://t.me/bq_kimp 💁‍♂…,2026-08-21
뉴스 · 지식 · 교육,news-knowledge,선수촌,@athletes_village,https://t.me/athletes_village,채널,커뮤니티,"*필독: 기관투자자, 금융업계전문가 및 이에 준하는 지식과 경험을 가진 분들(이하 ""선수들"")을 대상으로 잡다한 정보와 진실을 알아보는 '인문사회자연과학 탐사채널' 텔레그램 채널 선수촌 (이하 ""본 채널"")의 모든 권리는 본 채널의 관리자에게 있습니…",2026-08-21
뉴스 · 지식 · 교육,news-knowledge,외투영공: 외신·투자·영어·공부,@fnnews_en,https://t.me/fnnews_en,채널,커뮤니티,주요 외신을 활용한 경제·금융 정보와 영어 학습,2026-08-21
뉴스 · 지식 · 교육,news-knowledge,인문 상식과 정보 채널,@saramgal,https://t.me/saramgal,채널,커뮤니티,가볍게 읽을 수 있는 인문학·사람·사회 관련 정보,2026-08-21
뉴스 · 지식 · 교육,news-knowledge,전자신문 프리미엄,@etnewspremium,https://t.me/etnewspremium,채널,기관/회사,전자신문 프리미엄 기사 링크 모음,2026-08-21
뉴스 · 지식 · 교육,news-knowledge,천지일보 독자알림창,@cheonjiilbo,https://t.me/cheonjiilbo,채널,커뮤니티,'새 시대 희망 언론' 천지일보 독자 알림창입니다.,2026-08-21
뉴스 · 지식 · 교육,news-knowledge,"캄보디아, 태국 (긴급뉴스)",@cambobreakingnews,https://t.me/cambobreakingnews,채널,커뮤니티,"캄보디아, 현지 뉴스, 속보 채널",2026-08-21
뉴스 · 지식 · 교육,news-knowledge,텔레그램 대학수학능력시험 Q&A 질문방,@KSAT_QNA,https://t.me/KSAT_QNA,채널,커뮤니티,"텔레그램 대학수학능력시험 Q&A 질문방입니다. 상단에 고정된 공지 정독 후 이용해주시기 바랍니다. 문제 질문 양식 : 1. 문제 원본 사진 2. 문제 출처 및 답 3. 본인 풀이과정 중 구체적으로 막힌부분 🔈답변, 질문 시 가급적 한번에 내용을 꽉…",2026-08-21
뉴스 · 지식 · 교육,news-knowledge,텔레브리핑 - 캄보디아 뉴스,@newsbriefingcambodia,https://t.me/newsbriefingcambodia,채널,기관/회사,캄보디아 현지 소식을 한국어로 전하는 뉴스 채널,2026-08-21
생활 · 환경 · 쇼핑,life,#Beautylog,@ejpark3312,https://t.me/ejpark3312,채널,커뮤니티,뷰티 브랜드 제품 이야기,2026-08-21
생활 · 환경 · 쇼핑,life,통합대기지수,@airkorea,https://t.me/airkorea,채널,커뮤니티,한국환경공단 자료를 활용한 미세먼지·대기질 알림,2026-08-21
생활 · 환경 · 쇼핑,life,한국 커뮤니티 핫딜 모아보기,@hotdeal_kr,https://t.me/hotdeal_kr,채널,커뮤니티,여러 국내 커뮤니티의 핫딜 게시물을 모아 제공,2026-08-21
취업 · 커리어,careers,Equity Jobs x moneysonata,@equityjobs,https://t.me/equityjobs,채널,커뮤니티,VC·PE·IB 등 금융권 경력직 채용 정보와 관련 자료,2026-08-21
취업 · 커리어,careers,금융권 채용공고,@KrFinJobPostings,https://t.me/KrFinJobPostings,채널,커뮤니티,금융권 채용공고를 모아 제공하는 알림 채널,2026-08-21
부동산,real-estate,부동산 급등일보,@fastlandnews,https://t.me/fastlandnews,채널,커뮤니티,부동산 정책·세금·수급과 시장 뉴스 큐레이션,2026-08-21
부동산,real-estate,부동산뉴스 채널_서울경제,@sedaily_real_estate,https://t.me/sedaily_real_estate,채널,기관/회사,서울경제의 분양·정책·부동산 시장 뉴스,2026-08-21
부동산,real-estate,아파트미(me) 실거래 배포,@apt2me,https://t.me/apt2me,채널,커뮤니티,아파트 실거래 정보를 제공하는 알림 채널,2026-08-21
부동산,real-estate,유튜브 채부심 Official 채널,@aptvalueprice,https://t.me/aptvalueprice,채널,개인,채상욱 운영자의 부동산·주식·자산관리 관점 공유,2026-08-21
경제 · 증권 · 리서치,finance,[미래에셋 배터리/디스플레이 김철중] 디배저,@cjdbj,https://t.me/cjdbj,채널,커뮤니티,"미래에셋 배터리/디스플레이 담당 김철중 연구위원입니다. 산업 관련 데이터 공유 채널이며, 종목에 대한 투자 의견은 발간 완료된 보고서만을 통해서 제공하고 있습니다. 궁금하신 사항은 아래 이메일을 통해서 문의 부탁드립니다. chuljoong.kim@m…",2026-08-21
경제 · 증권 · 리서치,finance,[미래에셋박수진] 중국/홍콩 증시를 봅니다,@chinadagudong,https://t.me/chinadagudong,채널,커뮤니티,You can view and join @chinadagudong right away.,2026-08-21
경제 · 증권 · 리서치,finance,"[미래에셋증권 시황] 김석환, 김주연",@globalmktinsight,https://t.me/globalmktinsight,채널,커뮤니티,Fact & Insight,2026-08-21
경제 · 증권 · 리서치,finance,[미래에셋증권 전략/퀀트 유명간],@eqmirae,https://t.me/eqmirae,채널,커뮤니티,미래에셋증권 투자전략/퀀트 텔레그램,2026-08-21
경제 · 증권 · 리서치,finance,[신한 리서치본부] 제약/바이오,@bio_shinhan,https://t.me/bio_shinhan,채널,개인,"안녕하세요. 신한투자증권 제약/바이오 담당 엄민용 연구위원, 이호철 수석연구원, 윤석현 연구원(RA), 임재현 연구원(RA) 입니다. 리서치본부 내 공표된 조사분석자료를 실시간으로 제공 할 수 있도록 정보 전달을 위해 운영되는 채널입니다.",2026-08-21
경제 · 증권 · 리서치,finance,[유안타/이안나] 2차전지/신에너지,@anna7673,https://t.me/anna7673,채널,공식,유안타증권 이안나 애널리스트 공식 채널입니다. 본 채널에는 컴플라이언스 절차를 거친 리서치 자료 및 관련 내용을 공유합니다. 텔레그램 플랫폼에서 자동 노출되는 광고/추천 콘텐츠는 본 채널 및 운영자와 무관합니다.,2026-08-21
경제 · 증권 · 리서치,finance,[채권/금리 김상훈] 후니본(Bond),@hanabondview,https://t.me/hanabondview,채널,커뮤니티,채권/경제 관련 뉴스와 발간자료 소통 목적,2026-08-21
경제 · 증권 · 리서치,finance,[충간지의 글로벌 의료기기/디지털 헬스/로보틱스 연구소],@globalmedtech,https://t.me/globalmedtech,채널,개인,"유사 손흥민, 의료기기 산신령, CFA Charterholder, 2권을 집필한 작가, 독도명예주민, Mensan, Rescue/Master Diver, Classic Suit, 생활체육인, 그리고 월급쟁이 직장인 본 채널의 게시물은 투자권유가 아닌…",2026-08-21
경제 · 증권 · 리서치,finance,[하나 Global ETF] 박승진,@globaletfi,https://t.me/globaletfi,채널,공식,[하나증권 리서치센터 해외주식분석실 실장] 글로벌 ETF 애널리스트 박승진입니다. 국내외 금융시장과 관련된 다양한 이슈들을 전해 드리고자 합니다. 공식 하우스 뷰는 발간 자료를 통해서만 제공됩니다. 참고하시기 바랍니다.,2026-08-21
경제 · 증권 · 리서치,finance,[하나 매크로/자산배분] 이재만/박승진/이영주/전규연,@HANA_Macro,https://t.me/HANA_Macro,채널,커뮤니티,You can view and join @HANA_Macro right away.,2026-08-21
경제 · 증권 · 리서치,finance,[하나증권 해외채권] 허성우,@deandatbond,https://t.me/deandatbond,채널,커뮤니티,선진국 및 신흥국 채권/경제 뉴스 소통 목적,2026-08-21
경제 · 증권 · 리서치,finance,[하나채권] 김상만.이영주.박준우.하형민.허성우,@hanabond,https://t.me/hanabond,채널,커뮤니티,채권 분석 리포트와 살펴봐야할 국내외 주요 이슈들을 이야기합니다.,2026-08-21
경제 · 증권 · 리서치,finance,[한투증권 🚘 자동차 / 김창호 & 전유나],@autoteamkorea,https://t.me/autoteamkorea,채널,커뮤니티,한국투자증권 자동차팀,2026-08-21
경제 · 증권 · 리서치,finance,AWAKE - 52주 신고가 모니터링,@awake_realtimeCheck,https://t.me/awake_realtimeCheck,채널,커뮤니티,"52주 신고가 및 최대 거래량 갱신 종목 정보를 모바일에서 한눈에 쉽게 확인할 수 있는 채널 - 잠재 오버행, - 최근 리포트발간 내역 - 자사주 보유/매입/소각 내역 등 - 최근 주요공시(시설투자,공급계약,지분...) - IPO 보호예수 - 분할,…",2026-08-21
경제 · 증권 · 리서치,finance,AWAKE - 마켓 브리핑,@awake_schedule,https://t.me/awake_schedule,채널,커뮤니티,시장의 핵심만을 간결하게 정리하여 알려드립니다. 공유를 원하는 증시 및 개별종목 일정이 있다면 아래 링크로 알려주세요 https://t.me/awakeplus 채널 내 모든 자료는 참고용이며 투자권유나 추천이 아닙니다. 자동 생성 컨텐츠가 대부분이라…,2026-08-21
경제 · 증권 · 리서치,finance,AWAKE - 실시간 주식 공시 정리채널,@darthacking,https://t.me/darthacking,채널,커뮤니티,주요 전자공시를 선별해 요약하는 자동 알림 채널,2026-08-21
경제 · 증권 · 리서치,finance,BK Tech Insight - 바바리안 리서치,@Barbarian_Global_Tech,https://t.me/Barbarian_Global_Tech,채널,커뮤니티,안녕하세요! 바바리안 리서치에서 글로벌 테크를 담당하고 있는 BK라고 합니다. 주식 투자에 있어서 테크 기업들의 중요도가 계속 커지고 있습니다. 국내외 모두 적용될 수 있는 테크 소식들의 맥락을 핵심 위주로 전달드릴 수 있도록 하겠습니다. 조금 긴…,2026-08-21
경제 · 증권 · 리서치,finance,Buff,@bufkr,https://t.me/bufkr,채널,커뮤니티,"버프받고 투자하자 - 내용은 투자 판단의 근거로 활용할 수 없음 - 내용이 사실과 다를 수 있으며, 단순한 의견도 있음 - 언급된 종목을 보유하고 있을 수 있으며, 언제든 매도할 수 있음 문의: jelly@buf.kr",2026-08-21
경제 · 증권 · 리서치,finance,DAOL 조선·기계·방산 최광식,@HI_GS,https://t.me/HI_GS,채널,기관/회사,조선·기계·방산 업종 보고서와 산업 뉴스,2026-08-21
경제 · 증권 · 리서치,finance,DS투자증권 리서치,@DSInvResearch,https://t.me/DSInvResearch,채널,커뮤니티,You can view and join @DSInvResearch right away.,2026-08-21
경제 · 증권 · 리서치,finance,IR KUDOS,@irgoirgo,https://t.me/irgoirgo,채널,기관/회사,기업 IR과 주주 커뮤니케이션 관련 정보,2026-08-21
경제 · 증권 · 리서치,finance,IT는 SK,@skitteam,https://t.me/skitteam,채널,기관/회사,SK증권 IT·반도체·테크 업종 리서치 자료,2026-08-21
경제 · 증권 · 리서치,finance,KB증권 건설 장문준,@KB_EPC_MJ,https://t.me/KB_EPC_MJ,채널,기관/회사,KB증권 건설 업종 리서치와 산업 자료,2026-08-21
경제 · 증권 · 리서치,finance,Macro Jungle | micro lens,@Macrojunglemicrolens,https://t.me/Macrojunglemicrolens,채널,개인,"본 채널은 시장에 대한 즉각적인 의견이나 전망 제시보다는, 공개된 외국계 리서치를 기반으로 구조·전제·변화 포인트를 기록하는 데 목적을 두고 있습니다. 본 채널의 게시물들은 작성자 본인에 의한 매수 및 매도 추천의사가 아니며, 게시물에 표기된 내용상…",2026-08-21
경제 · 증권 · 리서치,finance,SK증권 Research,@sksresearch,https://t.me/sksresearch,채널,커뮤니티,SK증권 지식서비스 부문 Telegram 채널,2026-08-21
경제 · 증권 · 리서치,finance,SK증권 조선/방산 한승한,@SKSCyclical,https://t.me/SKSCyclical,채널,커뮤니티,You can view and join @SKSCyclical right away.,2026-08-21
경제 · 증권 · 리서치,finance,TNBfolio,@TNBfolio,https://t.me/TNBfolio,채널,커뮤니티,본 TNB 채널에서 제공하는 자료는 매수&매도에 대한 의견 절대 아니며 투자자 본인의 참고용에 불과 합니다. 모든 매수와 매도에 대한 책임은 본인에게 있습니다.,2026-08-21
경제 · 증권 · 리서치,finance,Yeouido Lab_여의도 톺아보기,@Yeouido_Lab,https://t.me/Yeouido_Lab,채널,개인,前 헤지펀드 매니저와 前 애널리스트의 여의도 톺아보기. 기관투자자의 깊이있는 인사이트로 수많은 투자 정보 속에서 해자를 선별합니다. 해당 채널의 게시물은 단순 의견 및 기록용도이고 매수-매도 등 투자권유를 의미하지 않습니다. 해당 게시물의 내용은 부…,2026-08-21
경제 · 증권 · 리서치,finance,YSK China sector,@YSK_China_sector,https://t.me/YSK_China_sector,채널,커뮤니티,유안타증권 리서치 중국산업,2026-08-21
경제 · 증권 · 리서치,finance,《하나 주식전략》 이재만과 이경수,@HANAStrategy,https://t.me/HANAStrategy,채널,커뮤니티,"주식전략 이재만과 퀀트 이경수가 전하는 1등 리서치, 1등 투자전략 채널(본 텔레방 외는 모두 사칭으로 주의하세요)",2026-08-21
경제 · 증권 · 리서치,finance,가치투자클럽,@corevalue,https://t.me/corevalue,채널,커뮤니티,공표된 증권사 자료·전자공시·뉴스와 재무자료,2026-08-21
경제 · 증권 · 리서치,finance,간절한 투자스터디카페,@Desperatestudycafe,https://t.me/Desperatestudycafe,채널,커뮤니티,간스 투기 채널 후원 링크: https://litt.ly/gans Boost link: https://t.me/Desperatestudycafe?boost Disclaimer: 매수/매도 추천 안 합니다. 대부분 보유주식들에 대한 코멘트입니다. 책임…,2026-08-21
경제 · 증권 · 리서치,finance,강남주꾸미(주식으로꿈꾸는미래),@fivestock,https://t.me/fivestock,채널,개인,"본 SNS는 투자권유 목적으로 제작된 것이 아니며, 제작자 소속회사의 의견과는 관련이 없는 내용으로 투자의사결정 시 전적으로 투자자의 책임과 판단 하에 결정되어야 합니다. 따라서 어떤 경우에도 법적책임소재의 증빙자료로 사용될 수 없습니다. 본 SNS…",2026-08-21
경제 · 증권 · 리서치,finance,건설/조선/리츠 | 강경태 | 한국투자증권,@enc210406,https://t.me/enc210406,채널,커뮤니티,건설과 조선 업종 자료 공유,2026-08-21
경제 · 증권 · 리서치,finance,고팍스(GOPAX) 공식채널,@gopaxkr_official,https://t.me/gopaxkr_official,채널,공식,"새로운 금융의 개척, 고팍스 공식 텔레그램 채널 입니다.",2026-08-21
경제 · 증권 · 리서치,finance,그로쓰리서치,@growthresearch,https://t.me/growthresearch,채널,기관/회사,국내외 주식·암호화폐 기업탐방 중심의 독립 리서치,2026-08-21
경제 · 증권 · 리서치,finance,급등일보 미국주식🇺🇸 속보·매크로·리서치,@FastStockNewsUSA,https://t.me/FastStockNewsUSA,채널,공식,🇺🇸급등일보에서 직접 운영하는 미국주식 속보·리서치 텔레그램 채널입니다🤠 - 미국증시 속보 및 실시간 주요 이슈 제공 - 유망 기술주/성장주 투자 아이디어 발굴 - 글로벌 매크로와 시장 이슈 브리핑 [공식 소셜 안내] 📌 shorten.is/sns1…,2026-08-21
경제 · 증권 · 리서치,finance,나박 AI : 제일 빠른 진짜 중요한 외신 속보,@coinaiai_report,https://t.me/coinaiai_report,채널,커뮤니티,아무 뉴스나 퍼나르는 채널이 아닙니다. AI가 계속 성장해서 영향을 줄만한 뉴스만 타타타닥 내보냅니다!!! 자매품 : 차트봇 📌핵심 기능 • AI 기반 차트 패턴(ICT/SMC) 실시간 탐지 • 코인·미국주식·국내주식 고승률 셋업 포착 • 거시경제(…,2026-08-21
경제 · 증권 · 리서치,finance,대신 전략. 돌직구,@daishinstrategy,https://t.me/daishinstrategy,채널,기관/회사,국내외 금융시장 전망과 투자전략,2026-08-21
경제 · 증권 · 리서치,finance,대신증권 리서치,@dsrsc,https://t.me/dsrsc,채널,기관/회사,대신증권 리서치센터 발간 보고서,2026-08-21
경제 · 증권 · 리서치,finance,두부분식 공식 채널,@dobuannouncement,https://t.me/dobuannouncement,채널,공식,"두부분식은 생각을 나누고 더해, 함께 부를 키워가는 하나증권의 신개념 투자 커뮤니티입니다. 모든 정보는 투자 권유 목적이 아니며 투자의 책임은 항상 본인에게 있습니다. 투자 권유 및 자문을 하는 곳이 아닙니다. 이 점을 숙지하시고 플랫폼을 이용해주세…",2026-08-21
경제 · 증권 · 리서치,finance,디앤디파마텍 공식 IR 채널,@dndpharmatech,https://t.me/dndpharmatech,채널,공식,디앤디파마텍 공식 IR 채널입니다.,2026-08-21
경제 · 증권 · 리서치,finance,딘스티커 Dean's Ticker,@d_ticker,https://t.me/d_ticker,채널,커뮤니티,"온갖 시장, 섹터, 종목을 다룹니다 ▶️ 문의 : deansticker2025@gmail.com ▶️ 블로그 : blog.naver.com/ddeean ▶️ X : https://x.com/Deansticker ※이 채널의 피드는 증시 관련 소식과…",2026-08-21
경제 · 증권 · 리서치,finance,루팡,@bornlupin,https://t.me/bornlupin,채널,커뮤니티,루팡 Invest,2026-08-21
경제 · 증권 · 리서치,finance,매경 월가월부,@mkglobalinvest,https://t.me/mkglobalinvest,채널,기관/회사,매일경제의 미국 증시·글로벌 투자 콘텐츠,2026-08-21
경제 · 증권 · 리서치,finance,메리츠 투자전략 황수욱,@soowook_hwang,https://t.me/soowook_hwang,채널,개인,탑다운 투자전략 자료를 공유하는 애널리스트 채널,2026-08-21
경제 · 증권 · 리서치,finance,메리츠증권 리서치,@meritz_research,https://t.me/meritz_research,채널,기관/회사,공표된 메리츠증권 리서치 자료 공유,2026-08-21
경제 · 증권 · 리서치,finance,메리츠증권 투자전략팀,@Meritz_strategy,https://t.me/Meritz_strategy,채널,기관/회사,국내외 전략·경제·채권·계량·시황 자료,2026-08-21
경제 · 증권 · 리서치,finance,번개맞은뉴스,@stock_messenger,https://t.me/stock_messenger,채널,커뮤니티,주도주와 관련 섹터 뉴스를 추적하는 채널,2026-08-21
경제 · 증권 · 리서치,finance,불스해적단,@bulls_pirates,https://t.me/bulls_pirates,채널,개인,"THINK SMART, ACT PIRATES ※커뮤니티 이용 유의사항※ 📩: Noterminus@naver.com - 본 커뮤니티에서 제공되는 분석과 공유되는 관점, 차트 관련 학습 자료 등은 특정 자산의 매매 시기나 금액을 제시하는 투자 권유가 아…",2026-08-21
경제 · 증권 · 리서치,finance,블록미디어,@blockmedia,https://t.me/blockmedia,채널,커뮤니티,"블록미디어는 한국 최초로 전세계 디지털자산(가상자산)과 블록체인에 관한 콘텐츠를 전하는 미디어입니다. 시장정보와 더불어 규제 및 금융, 경제, 기술, 라이프 스타일 등 다양한 관점에서 독자여러분에게 한 발 앞선 통찰력을 제공하기 위해 노력합니다. 블…",2026-08-21
경제 · 증권 · 리서치,finance,빠르고 정확한 주식정보방,@fastest_info1,https://t.me/fastest_info1,채널,커뮤니티,넘쳐나는 뉴스속에서 알짜배기만 빠르게 전달 드립니다. 모든 컨텐츠에는 오류가 있을수 있고 매수/매도 추천 아니며 매매의 근거로 활용될 수 없습니다. 해당 게시물의 내용은 어떤 경우에도 법적 근거로 사용될 수 없습니다. 언급된 모든 기업은 보유 중일…,2026-08-21
경제 · 증권 · 리서치,finance,상장기업 수사대 ☎️,@cyber_rangers,https://t.me/cyber_rangers,채널,커뮤니티,"시장에 알려진 적 없는 상장기업의 뒷이야기를 탐사하고, 역시 시장에 알려지지 않은 장기 성장성 종목을 육성 발굴하는 곳입니다.",2026-08-21
경제 · 증권 · 리서치,finance,서화백의 그림놀이 🚀,@easobi,https://t.me/easobi,채널,커뮤니티,#Disclaimer 해당 채널의 게시물은 단순 의견 및 기록용도이고 매수-매도 등 투자권유를 의미하지 않습니다. 해당 게시물의 내용은 부정확할 수 있으며 매매에 따른 손실은 거래 당사자의 책임입니다. 해당 게시물의 내용은 어떤 경우에도 법적 근거로…,2026-08-21
경제 · 증권 · 리서치,finance,석학들의 마켓 (인)사이트,@getfeed,https://t.me/getfeed,채널,커뮤니티,"인공지능과 함께라면 우리도 석학이다. 레거시 언론 및 리서치 자료에서 볼 수 없는 인사이트를 담기 위해. 건의, 제안, 질의 kospi@duck.com 답장 없을 수 있음. ※ 본인은 모든 종목을 매수 매도 등 어떠한 행위도 사전고지 없이 할 수 있…",2026-08-21
경제 · 증권 · 리서치,finance,성장금융브리핑(VC/PE),@kgrowth,https://t.me/kgrowth,채널,커뮤니티,VC·PE와 성장금융 관련 뉴스 및 자료,2026-08-21
경제 · 증권 · 리서치,finance,습관이 부자를 만든다. 🧘,@habit4117,https://t.me/habit4117,채널,커뮤니티,"행동은 습관이 되고, 습관은 가치가 된다. -정직, 겸손, 상식, 철학, 습관, 태도. 본 채널의 게시물은 단순 의견 및 기록용도이고 매수-매도 등 투자권유를 의미하지 않습니다. 해당 게시물의 내용은 부정확할 수 있으며 매매에 따른 손실은 거래 당사…",2026-08-21
경제 · 증권 · 리서치,finance,시그널랩 리서치,@siglab,https://t.me/siglab,채널,기관/회사,금융시장 분석과 투자 리서치 콘텐츠,2026-08-21
경제 · 증권 · 리서치,finance,시장 이야기 by 제이슨,@bumgore,https://t.me/bumgore,채널,커뮤니티,이 채널의 모든 내용들은 투자의 아이디어를 제공하는 것이지 직접 매수매도 추천을 드리는것이 아닙니다. 또한 이곳에 올라오는 모든 글은 믿을만한 정보를 바탕으로 작성 되지만 그것이 완벽하고 정확한 것을 의미하는 것은 아닙니다. 따라서 이곳의 글을 바탕…,2026-08-21
경제 · 증권 · 리서치,finance,알테오젠 IR,@alteogenIR,https://t.me/alteogenIR,채널,커뮤니티,주식회사 알테오젠(Alteogen Inc.)의 IR/PR 채널입니다.,2026-08-21
경제 · 증권 · 리서치,finance,양봉업자 투자일기,@bullishbee11,https://t.me/bullishbee11,채널,커뮤니티,스스로 생각할 줄 아는 투자자로 만들어드리는 채널 라이브는 텔레그램 분들만 참여 가능,2026-08-21
경제 · 증권 · 리서치,finance,양파농장,@Onionfarmer,https://t.me/Onionfarmer,채널,개인,언젠간 올 대풍년을 기다리며 씨뿌리는 중입니다 투자자 유의 사항 1. 채널에 게재된 내용들은 운영자들의 분석 및 기록용도로 작성하며 외부의 부당한 압력이나 간섭 없이 작성되었음을 확인합니다. 2. 해당 채널의 콘텐츠는 참고자료로만 활용하시기 바라며…,2026-08-21
경제 · 증권 · 리서치,finance,엄브렐라리서치 Jay의 주식투자교실,@Jstockclass,https://t.me/Jstockclass,채널,커뮤니티,You can view and join @Jstockclass right away.,2026-08-21
경제 · 증권 · 리서치,finance,에테르의 일본&미국 리서치,@aetherjapanresearch,https://t.me/aetherjapanresearch,채널,커뮤니티,"일본, 미국을 중심으로 관심있는 정보를 저장하는 곳입니다. 한국에서 잘 보지 못하는 일본의 경제상황, 다양한 회사들을 찾아 볼 수 있는 채널이에요. 본 채널은 단순히 저의 의견을 적고, 이를 기록하는 용도입니다. 제가 언급하는 종목들은 매수-매도 등…",2026-08-21
경제 · 증권 · 리서치,finance,여의도스토리 Ver2.0,@YeouidoStory2,https://t.me/YeouidoStory2,채널,커뮤니티,경제 뉴스·증권사 리포트·글로벌 시장 자료,2026-08-21
경제 · 증권 · 리서치,finance,오를주식(GoUp)📈 - 뉴스/정보/주식/경제,@GoUpstock,https://t.me/GoUpstock,채널,커뮤니티,📈 돈이 되는 뉴스를 찾아드립니다. 오를 주식을 발굴하고 공유드립니다.🔥 멤버쉽 가입 & 비즈니스 문의 👉 https://t.me/QnA_inquiry 모든 정보는 투자 권유 목적이 아니며 해당 게시물의 내용은 부정확할 수 있습니다. 매매에 따른 손…,2026-08-21
경제 · 증권 · 리서치,finance,올바른,@Allbareun,https://t.me/Allbareun,채널,커뮤니티,네프콘 : https://naver.me/xg7czSNA 유튜브 : https://youtube.com/@Allbareun X : https://x.com/allbareunkr 해당 채널의 게시물은 단순 의견 및 기록용도이고 매수/매도 등 투자권유를…,2026-08-21
경제 · 증권 · 리서치,finance,유진투자증권 산업분석실 컨슈머/전략산업팀,@eugenetmm,https://t.me/eugenetmm,채널,개인,유진투자증권 산업분석실 컨슈머/전략산업팀 채널입니다. *담당 애널리스트 및 커버리지 섹터 이재일 컨슈머/전략산업팀장 Mobility/EV 이현지 선임연구원 Media/Entertainment/Leisure 정의훈 선임연구원 Internet/Game/…,2026-08-21
경제 · 증권 · 리서치,finance,유진투자증권 코스닥벤처팀,@SmallCap,https://t.me/SmallCap,채널,기관/회사,코스닥·벤처·스몰캡 관련 리서치 자료,2026-08-21
경제 · 증권 · 리서치,finance,이그전 (이은택의 그림 전략),@egzion,https://t.me/egzion,채널,커뮤니티,'이은택의 그림으로 보는 전략' 텔레그램 채널입니다,2026-08-21
경제 · 증권 · 리서치,finance,재야의 고수들,@gaoshoukorea,https://t.me/gaoshoukorea,채널,커뮤니티,"재야의고수들 필진이 작성한 글은 ▪️︎개인의 주관적 관점에서 작성되었습니다.▪️︎오류의 내용을 포함할 수 있습니다.▪️︎특정 주식의 매수매도 추천이 아닙니다.▪️︎ 필진이 보유한 주식에 관한 내용일 수 있고, 해당 주식을 언제든 매수/매도할 수 있습…",2026-08-21
경제 · 증권 · 리서치,finance,조기주식회 공부방,@EarlyStock1,https://t.me/EarlyStock1,채널,커뮤니티,"평범한 직장인 투자자의 조기은퇴 도전기 by 벤저민규, 리아멍거, 학봉이, 성공을바라본다",2026-08-21
경제 · 증권 · 리서치,finance,주식 급등일보,@FastStockNews,https://t.me/FastStockNews,채널,커뮤니티,국내 증시 뉴스와 급등 테마·대장주 정보,2026-08-21
경제 · 증권 · 리서치,finance,주식 증권사 리포트,@companyreport,https://t.me/companyreport,채널,커뮤니티,증권사 기업 리포트와 시장 자료 모음,2026-08-21
경제 · 증권 · 리서치,finance,주식소리통 NEO by Bilanx Research,@davidstocknew,https://t.me/davidstocknew,채널,커뮤니티,"Global Macro & Sector Data support. 행복한 데에는 가족만 한 것이 없고 즐거운 데에는 친구만 한 것이 없으며, 돈 버는 데는 주식소리통만 한 데가 없다.",2026-08-21
경제 · 증권 · 리서치,finance,증권사 신규 리포트 자동 알림,@repostory123,https://t.me/repostory123,채널,커뮤니티,증권사 신규 리포트를 자동으로 모아 제공,2026-08-21
경제 · 증권 · 리서치,finance,지아이이노베이션 공식 IR,@GIInnovation,https://t.me/GIInnovation,채널,공식,지아이이노베이션 IR 채널입니다,2026-08-21
경제 · 증권 · 리서치,finance,카이에 de market,@cahier_de_market,https://t.me/cahier_de_market,채널,개인,"- 전직 헤지펀드 매니저 - 세상을 변화시키는 핵심 사건, 핵심 기업을 공부하고 주관적 생각과 투자방향을 적는 노트 - 터무니없이 틀릴 수도 있으니 주의 - 매수와 매도 의사결정의 책임은 투자자 본인에게 귀속 - 본인은 채널에서 언급한 종목이나 섹터…",2026-08-21
경제 · 증권 · 리서치,finance,캬오의 공부방,@Kyaooo,https://t.me/Kyaooo,채널,커뮤니티,"아이투자에서 글쓰다가 밸류스타로 가서 기획/운영으로 잠깐 일하다가 전업백수로 종사하고 있습니다. 이 채널은 자료를 스크랩하기 위한 채널입니다. 열심이 할때도 있고 슬슬 할때도 있습니다. 비정기적 방학이 있습니다만, 채널은 닫지 않습니다. 댓글달아주시…",2026-08-21
경제 · 증권 · 리서치,finance,케어젠 개인주주채널 🚀,@caregen,https://t.me/caregen,채널,커뮤니티,케어젠 회사와는 전혀 관련없는 개인 취미공간,2026-08-21
경제 · 증권 · 리서치,finance,코인 갤러리(Coin gallery),@dogeland01,https://t.me/dogeland01,채널,커뮤니티,비트코인 시장에 대한 빠른 정보 뉴스 및 호재&악재 공시가 실시간으로 업로드 되고 있습니다. 여러분들에 매매에 도움이 될만한 정보를 제공하기 위해 언제나 최선의 노력을 하고 있습니다. 광고 및 제휴 문의 @cgdoge,2026-08-21
경제 · 증권 · 리서치,finance,키움증권 리서치센터,@KiwoomResearch,https://t.me/KiwoomResearch,채널,커뮤니티,키움증권 리서치센터,2026-08-21
경제 · 증권 · 리서치,finance,키움증권 전략/시황 한지영,@hedgecat0301,https://t.me/hedgecat0301,채널,커뮤니티,"국내외 시황, ETF, 금융, 경제, 투자 등",2026-08-21
경제 · 증권 · 리서치,finance,텐렙,@Ten_level,https://t.me/Ten_level,채널,커뮤니티,Ten Level (텐렙) 해당 채널의 게시물은 단순 의견 및 기록용도이고 매수-매도 등 투자권유를 의미하지 않습니다. 해당 게시물의 내용은 부정확할 수 있으며 매매에 따른 손실은 거래 당사자의 책임입니다. 해당 게시물의 내용은 어떤 경우에도 법적…,2026-08-21
경제 · 증권 · 리서치,finance,하나 미래산업팀(스몰캡),@hanasmallcap,https://t.me/hanasmallcap,채널,기관/회사,하나증권 미래산업팀 리포트 요약과 행사 안내,2026-08-21
경제 · 증권 · 리서치,finance,하나 중국/신흥국 전략 김경환,@HANAchina,https://t.me/HANAchina,채널,공식,"중국/신흥국 전략 애널리스트 김경환입니다. 중국 및 신흥국 경제•증시 관련 정보 공유 채널입니다! 저희는 공식 자료를 통해서만 투자의견을 드리고 있습니다. 뉴스 정보와 이슈 관련 코멘트는 공식 의견에 기반하거나, 개인의 생각입니다.",2026-08-21
경제 · 증권 · 리서치,finance,하나증권 리서치,@HanaResearch,https://t.me/HanaResearch,채널,기관/회사,하나증권 주요 소식과 리서치 자료,2026-08-21
경제 · 증권 · 리서치,finance,하나증권 미국주식 강재구,@hana_us_stock,https://t.me/hana_us_stock,채널,커뮤니티,You can view and join @hana_us_stock right away.,2026-08-21
경제 · 증권 · 리서치,finance,한국IR협의회,@kirsofficial,https://t.me/kirsofficial,채널,공식,"기업분석보고서, IPO IR 행사와 IRTV 콘텐츠 안내",2026-08-21
경제 · 증권 · 리서치,finance,한국투자증권 기관영업부 이민근,@mk81_koreainvestment,https://t.me/mk81_koreainvestment,채널,개인,기관영업 관점의 시장 자료와 개인 의견 공유,2026-08-21
경제 · 증권 · 리서치,finance,한양증권 제약/바이오 오병용,@bdragon0808,https://t.me/bdragon0808,채널,공식,바이오는 한양 공식 리포트 이외의 내용은 매수매도 추천 아닙니다. 뉴스와 개인생각입니다. 채널 보시고 투자하지 마세요. 모든 투자 책임은 본인에게 있습니다. 해당 게시물의 내용은 부정확할 수 있으며 어떠한 경우에도 법적으로 활용될수 없습니다. 매매에…,2026-08-21
경제 · 증권 · 리서치,finance,한투 테크팀,@KISemicon,https://t.me/KISemicon,채널,기관/회사,한국투자증권 테크팀의 반도체·IT 산업 자료,2026-08-21
경제 · 증권 · 리서치,finance,한투증권 미국/중국전략 정정영,@G2strategy,https://t.me/G2strategy,채널,커뮤니티,You can view and join @G2strategy right away.,2026-08-21
경제 · 증권 · 리서치,finance,한투증권 박상현 전기전자,@TechBrayden,https://t.me/TechBrayden,채널,기관/회사,전기전자 업종 뉴스와 기업 분석 자료,2026-08-21
경제 · 증권 · 리서치,finance,한화 기계·우주·방산·조선 배성조,@hanhwasmall,https://t.me/hanhwasmall,채널,기관/회사,기계·우주·방산·조선 업종 리서치 자료,2026-08-21
경제 · 증권 · 리서치,finance,💯똥밭에 굴러도 주식판,@daegurr,https://t.me/daegurr,채널,커뮤니티,모든 투자의 책임은 본인. 본 채널의 자료는 매수매도를 권하지 않으며 단순 자료임을 재차 강조함,2026-08-21
블록체인 · 가상자산,crypto,Bithumb 빗썸 공식 실시간 알림,@BithumbExchangeData,https://t.me/BithumbExchangeData,채널,공식,빗썸 텔레그램 실시간 가격 급등락 알림,2026-08-21
블록체인 · 가상자산,crypto,DeFi 농부 👨🏻‍🌾 조선생,@BSC_Farmer_KR,https://t.me/BSC_Farmer_KR,채널,커뮤니티,크립토 트랜드를 분석하여 쉽게 전달드립니다. *개인 메시지는 전부 사기입니다* 📞 문의: @Prof_Jo 👨🏻‍🌾 채팅방: https://t.me/Farmer_Chat_KR 🥯 리서치: https://naver.me/5SaBZABO 🐥 트위터: ht…,2026-08-21
블록체인 · 가상자산,crypto,Korbit 코빗 공식 채널,@official_Korbit,https://t.me/official_Korbit,채널,공식,코빗 서비스·이벤트·리서치 안내,2026-08-21
블록체인 · 가상자산,crypto,TON and Manner,@TONandManner,https://t.me/TONandManner,채널,커뮤니티,TON 프로젝트와 생태계 뉴스·의견 공유,2026-08-21
블록체인 · 가상자산,crypto,디센터 Decenter 공식 채널,@Decenter_KR,https://t.me/Decenter_KR,채널,공식,"탈중앙화 시대를 여는 뉴스허브, 디센터 English: t.me/DecenterGlobal 홈페이지: decenter.kr 뉴스레터: http://bit.ly/De_letter",2026-08-21
블록체인 · 가상자산,crypto,블루밍비트,@bloomingbit,https://t.me/bloomingbit,채널,공식,한국경제신문 블록체인·가상자산 전문 미디어,2026-08-21
블록체인 · 가상자산,crypto,쟁글 (Xangle) 공식,@xangle_official,https://t.me/xangle_official,채널,공식,가상자산 공시 및 온체인 데이터 인텔리전스 플랫폼 쟁글,2026-08-21
블록체인 · 가상자산,crypto,차분남(차트분석하는남자),@chavoonnam,https://t.me/chavoonnam,채널,공식,코인시황 및 차트분석 또는 이슈를 공유하는 텔레그램 채널입니다. ▶️[모든문의] @Chavoon_nam ▶️[공식 인스타그램] https://www.instagram.com/chavoonnam,2026-08-21
블록체인 · 가상자산,crypto,케이씨지 블록체인/디지털자산/AI/경제 뉴스,@coinkcgchannel,https://t.me/coinkcgchannel,채널,커뮤니티,텔레그램 그룹(채팅방) @coinkcg https://kcgkorea.com 카톡 익명방(비밀번호 880506) https://open.kakao.com/o/p02MKZHi 문의 @arnold33 #암호화폐 #가상화폐 #디지털자산 #코인 #비트코인…,2026-08-21
블록체인 · 가상자산,crypto,케이씨지 블록체인/디지털자산/AI/경제 뉴스,@coinkcg,https://t.me/coinkcg,채널,커뮤니티,텔레그램 채널 @coinkcgchannel https://kcgkorea.com 카톡 익명방(비밀번호 880506) https://open.kakao.com/o/p02MKZHi 문의 @arnold33 #암호화폐 #가상화폐 #디지털자산 #코인 #비트코…,2026-08-21
블록체인 · 가상자산,crypto,코인 급등일보🪐실시간 코인뉴스 탐색기🚀,@FastBitNews,https://t.me/FastBitNews,채널,공식,"급등일보🚀에서 직접 운영하는 코인정보 전문 채널! - 숨겨진 알트코인 정보 대방출 - 유명 블록체인 인플루언서와 고래들의 소셜 & 지갑내역 실시간 감시 - 코인별 호재, 속보, 차트분석 제공 [공식 채널 안내] 📌 abit.ly/sns [공식 텔레그…",2026-08-21
블록체인 · 가상자산,crypto,토큰포스트 공식 채널,@tokenpost_kr,https://t.me/tokenpost_kr,채널,공식,블록체인·가상자산 전문 미디어 토큰포스트 소식,2026-08-21
텔레그램 공식 채널 · 도구,telegram-tools,BotFather,@BotFather,https://t.me/BotFather,봇,공식,텔레그램 봇 생성과 관리,2026-08-21
텔레그램 공식 채널 · 도구,telegram-tools,GIF Search,@gif,https://t.me/gif,봇,공식,대화창에서 GIF 검색,2026-08-21
텔레그램 공식 채널 · 도구,telegram-tools,Stickers Bot,@Stickers,https://t.me/Stickers,봇,공식,스티커 팩 생성과 사용 통계 관리,2026-08-21
텔레그램 공식 채널 · 도구,telegram-tools,Telegram News,@telegram,https://t.me/telegram,채널,공식,텔레그램 공식 제품 소식,2026-08-21
텔레그램 공식 채널 · 도구,telegram-tools,Telegram Tips,@TelegramTips,https://t.me/TelegramTips,채널,공식,텔레그램 기능과 사용 팁,2026-08-21
텔레그램 공식 채널 · 도구,telegram-tools,VoteBot,@vote,https://t.me/vote,봇,공식,투표를 만들고 공유하는 봇,2026-08-21
텔레그램 공식 채널 · 도구,telegram-tools,Wikipedia Search,@wiki,https://t.me/wiki,봇,공식,대화창에서 위키백과 검색,2026-08-21
텔레그램 공식 채널 · 도구,telegram-tools,YouTube Video Search,@vid,https://t.me/vid,봇,공식,대화창에서 YouTube 영상 검색,2026-08-21
건강 · 의료,health,(사)바이오헬스케어협회,@bioha1228,https://t.me/bioha1228,채널,커뮤니티,"본 채널은 (사)바이오헬스케어협회의 정보나 행사, 그리고 협회 회원사들의 동향 및 정보를 전달하기 위해 만들어진 채널입니다. 빠르고 신속하게 정보를 전달하여 회원사 및 투자자들의 효용을 높이는 데 항상 최선을 다하겠습니다. 감사합니다. * 협회 사무…",2026-08-21
건강 · 의료,health,BioMoment-Oncology,@biomoment,https://t.me/biomoment,채널,개인,"- 국내외 바이오 뉴스, 임상 분석, 기술 분석 - 모든 글은 특정 종목의 매수/매도 추천을 위함이 아님 - 개인 채널이며, 현재 소속 기관과 아무런 상관이 없음",2026-08-21
건강 · 의료,health,글로벌 바이오헬스케어 뉴스,@global_biohealthcare_news,https://t.me/global_biohealthcare_news,채널,커뮤니티,You can view and join @global_biohealthcare_news right away.,2026-08-21
건강 · 의료,health,리가켐바이오 IR/PR 공식 채널,@SHIDGL,https://t.me/SHIDGL,채널,공식,리가켐바이오(141080) IR/PR 공식 채널입니다. 리가켐바이오 홈페이지: https://ligachembio.com/,2026-08-21
건강 · 의료,health,미래에셋 제약/바이오 김승민,@bioksm,https://t.me/bioksm,채널,커뮤니티,한국/미국/중국 바이오 업종에 대한 발간 자료와 의견 공유.,2026-08-21
건강 · 의료,health,바이오스펙테이터,@biospectatorT,https://t.me/biospectatorT,채널,커뮤니티,국내 최초 바이오 전문언론사 '바이오스펙테이터'의 채널입니다.,2026-08-21
건강 · 의료,health,에이프릴바이오 공식IR채널: 리레이팅 2026,@aprilbioipr,https://t.me/aprilbioipr,채널,공식,에이프릴바이오 소식을 전해드립니다,2026-08-21
건강 · 의료,health,키움증권 신민수 의료기기 기록보관소,@sms_archive,https://t.me/sms_archive,채널,커뮤니티,"톡신, 필러, 스킨부스터, 미용 장비(EBD), 의료 AI, 덴탈, 중견제약사",2026-08-21
개인 · 기타,personal-misc,2차전지 김희제,@EvAtZchuno,https://t.me/EvAtZchuno,채널,개인,배터리/원자재/에너지 섹터 커버 채널입니다. 매수•매도 추천 채널이 아니며 운영자의 기록 및 스터디 목적으로 운영하는 채널임을 밝힙니다. 관련 문의는 언제나 환영이며 하단의 주소로 편히 연락 부탁 드리겠습니다. 텔레그램 주소: @heuijekim 메…,2026-08-21
개인 · 기타,personal-misc,[Global Tech 류영호],@globaltech05,https://t.me/globaltech05,채널,커뮤니티,Global Tech 류영호,2026-08-21
개인 · 기타,personal-misc,BQ,@BQTelegram,https://t.me/BQTelegram,채널,커뮤니티,방장: @BQrypto @bqdeveloper @abrwda *모든 의견은 개인의 의견입니다. DYOR ✏️공지방: https://t.me/BQTelegram 💁‍♂️소통방: https://t.me/BQKoreachat,2026-08-21
개인 · 기타,personal-misc,BRILLER,@BRILLER_Research,https://t.me/BRILLER_Research,채널,커뮤니티,"""나는 날마다 모든 면에서 점점 더 좋아지고 있다!""",2026-08-21
개인 · 기타,personal-misc,BZCF | 비즈까페,@bzcftel,https://t.me/bzcftel,채널,커뮤니티,You can view and join @bzcftel right away.,2026-08-21
개인 · 기타,personal-misc,dKargo Official [공식 한국 공지 채널],@dKargo_Official_KR,https://t.me/dKargo_Official_KR,채널,공식,"차세대 물류 네트워크를 위한 협업 기반 분산 프로토콜 - 웹사이트 https://dkargo.io - 미디움 https://medium.com/dkargo *디카르고 팀은 절대 DM을 통해 먼저 연락드리지 않으며, 공식 채널을 통해 소식을 전달드리고…",2026-08-21
개인 · 기타,personal-misc,Ganada Korea Language Institute,@Ganada_Monywa,https://t.me/Ganada_Monywa,채널,커뮤니티,오늘보다 더 나은 미래를 위해!,2026-08-21
개인 · 기타,personal-misc,HS아카데미 대표 이효석,@hs_academy,https://t.me/hs_academy,채널,공식,📢 이효석 아카데미 공식 채널 안내 🎉 📺 유튜브 채널 👉 https://youtube.com/@hs_academy?si=vKWQH8Xv9ql-pzoH 📚 네이버 프리미엄 콘텐츠 👉 https://contents.premium.naver.com/hs…,2026-08-21
개인 · 기타,personal-misc,Professor DeFi 농부 👨🏻‍🌾 조선생,@Farmer_Chat_KR,https://t.me/Farmer_Chat_KR,채널,커뮤니티,You can view and join @Farmer_Chat_KR right away.,2026-08-21
개인 · 기타,personal-misc,공짜아저씨와 트위터,@AjaeTwitter,https://t.me/AjaeTwitter,채널,커뮤니티,Telegram : 공짜아저씨,2026-08-21
개인 · 기타,personal-misc,사제콩이_서상영,@ehdwl,https://t.me/ehdwl,채널,커뮤니티,You can view and join @ehdwl right away.,2026-08-21
개인 · 기타,personal-misc,오픈스트리트맵 한국/조선(OpenStreetMap Korea),@OSMKorea,https://t.me/OSMKorea,채널,공식,한반도(한국/조선) 지역을 편집하는 OSM 기여자의 비공식 텔레그램 사랑방입니다. Unofficial group of OSM contributors who edit the Korean Peninsula(한국/조선) region * 공식 커뮤니티(Of…,2026-08-21
개인 · 기타,personal-misc,전종현의 인사이트,@chunjonghyun,https://t.me/chunjonghyun,채널,커뮤니티,"Entrepreneur, Investor, Contrarian 🚀",2026-08-21
개인 · 기타,personal-misc,주우즈베키스탄대한민국대사관 (Koreya Respublikasi elchixonasi),@EmbassyofKoreainUzbekistan,https://t.me/EmbassyofKoreainUzbekistan,채널,커뮤니티,Koreya Respublikasining O'zbekiston Respublikasidagi elchixonasi rasmiy kanali/Официальный канал Посольства Республики Корея в Республике У…,2026-08-21
개인 · 기타,personal-misc,캔들의 신 관점,@godofcandle,https://t.me/godofcandle,채널,커뮤니티,You can view and join @godofcandle right away.,2026-08-21
개인 · 기타,personal-misc,코백남 공지방,@cobacknamannounce,https://t.me/cobacknamannounce,채널,커뮤니티,유튜브 코백남 공지방입니다. https://linktr.ee/cobacknam contact DM : @cobacknam,2026-08-21
개인 · 기타,personal-misc,🇺🇸백악관🏛,@CONGBANJANG,https://t.me/CONGBANJANG,채널,커뮤니티,You can view and join @CONGBANJANG right away.,2026-08-21
